[
    {
        "Rating": 5.5,
        "Song_id": "1j0n572n-v7p3-8nsu-5486-z41k7kwg27fm",
        "User_id": "f15jx21e-gn80-pau0-5b2m-d6q404e34ao4"
    },
    {
        "Rating": 4.5,
        "Song_id": "1j0n572n-v7p3-8nsu-5486-z41k7kwg27fm",
        "User_id": "n8g3640d-k456-muc4-h4l3-pq56jtg2f35i"
    },
    {
        "Rating": 4.800000190734863,
        "Song_id": "78i0kz10-4y0z-kge2-4n3n-371s8xe7rbq6",
        "User_id": "n8g3640d-k456-muc4-h4l3-pq56jtg2f35i"
    },
    {
        "Rating": 4.900000095367432,
        "Song_id": "00f2z2ss-3qw5-48hv-x404-80z0x02cw8wb",
        "User_id": "n8g3640d-k456-muc4-h4l3-pq56jtg2f35i"
    },
    {
        "Rating": 4.800000190734863,
        "Song_id": "j74d523y-7o6v-6288-t830-8a8060ee6c78",
        "User_id": "n8g3640d-k456-muc4-h4l3-pq56jtg2f35i"
    },
    {
        "Rating": 5.75,
        "Song_id": "40l55c8j-805m-26jk-8xqh-0273q5713mzf",
        "User_id": "n8g3640d-k456-muc4-h4l3-pq56jtg2f35i"
    },
    {
        "Rating": 4.980000019073486,
        "Song_id": "6cek2u62-3455-y2tu-6v1b-8w7c6e8x4qqn",
        "User_id": "712n6x88-7u30-5tvd-8hmw-4gvmx6gjn67q"
    },
    {
        "Rating": 5.599999904632568,
        "Song_id": "1m82c7o6-hgso-rom5-f636-l173jnni571h",
        "User_id": "712n6x88-7u30-5tvd-8hmw-4gvmx6gjn67q"
    },
    {
        "Rating": 4.75,
        "Song_id": "w0f32546-r75g-5oqb-362i-r73wrz354670",
        "User_id": "n8g3640d-k456-muc4-h4l3-pq56jtg2f35i"
    }
]