[
    {
        "album": "After Hours",
        "artist": "The Weeknd",
        "genre": "new wave",
        "id": "40l55c8j-805m-26jk-8xqh-0273q5713mzf",
        "name": "After Hours",
        "rating": 5.75,
        "release year": 2020
    },
    {
        "album": "After Hours",
        "artist": "The Weeknd",
        "genre": "new wave",
        "id": "00f2z2ss-3qw5-48hv-x404-80z0x02cw8wb",
        "name": "Alone Again",
        "rating": 4.900000095367432,
        "release year": 2020
    },
    {
        "album": "Kirk",
        "artist": "DaBaby",
        "genre": "rap",
        "id": "1j0n572n-v7p3-8nsu-5486-z41k7kwg27fm",
        "name": "BOP",
        "rating": 5.0,
        "release year": 2019
    },
    {
        "album": "After Hours",
        "artist": "The Weeknd",
        "genre": "new wave",
        "id": "3h22alp2-bt5n-072f-f858-zf1jd0173x1y",
        "name": "Blinding Lights",
        "rating": 0.0,
        "release year": 2020
    },
    {
        "album": "",
        "artist": "Elvis Presley",
        "genre": "pop",
        "id": "r1g073n2-p567-0cha-0l34-6775tn4w03av",
        "name": "Can't Help Falling In Love",
        "rating": 0.0,
        "release year": 1961
    },
    {
        "album": "Hollywood's Bleeding",
        "artist": "Post Malone",
        "genre": "pop",
        "id": "78i0kz10-4y0z-kge2-4n3n-371s8xe7rbq6",
        "name": "Enemies",
        "rating": 4.800000190734863,
        "release year": 2019
    },
    {
        "album": "After Hours",
        "artist": "The Weeknd",
        "genre": "new wave",
        "id": "w0f32546-r75g-5oqb-362i-r73wrz354670",
        "name": "Faith",
        "rating": 4.75,
        "release year": 2020
    },
    {
        "album": "Nothing But The Best",
        "artist": "Frank Sinatra",
        "genre": "jazz",
        "id": "jj12045n-h8fr-r423-240h-o3awpii07u17",
        "name": "Fly Me To The Moon",
        "rating": 0.0,
        "release year": 2008
    },
    {
        "album": "After Hours",
        "artist": "The Weeknd",
        "genre": "new wave",
        "id": "j74d523y-7o6v-6288-t830-8a8060ee6c78",
        "name": "Heartless",
        "rating": 4.800000190734863,
        "release year": 2020
    },
    {
        "album": "Hollywood's Bleeding",
        "artist": "Post Malone",
        "genre": "pop",
        "id": "13oguq72-6pp2-k0u3-3r7v-v1k141rc01ei",
        "name": "Hollywood's Bleeding",
        "rating": 0.0,
        "release year": 2019
    },
    {
        "album": "Nothing But The Best",
        "artist": "Frank Sinatra",
        "genre": "jazz",
        "id": "548yq781-5jm5-44k4-42v5-1j8c05sdib74",
        "name": "Luck Be a Lady",
        "rating": 0.0,
        "release year": 2008
    },
    {
        "album": "Nothing But The Best",
        "artist": "Frank Sinatra",
        "genre": "jazz",
        "id": "1m82c7o6-hgso-rom5-f636-l173jnni571h",
        "name": "New York",
        "rating": 5.599999904632568,
        "release year": 2008
    },
    {
        "album": "Hollywood's Bleeding",
        "artist": "Post Malone",
        "genre": "pop",
        "id": "6cek2u62-3455-y2tu-6v1b-8w7c6e8x4qqn",
        "name": "Saint-Tropez",
        "rating": 4.980000019073486,
        "release year": 2019
    },
    {
        "album": "After Hours",
        "artist": "The Weeknd",
        "genre": "new wave",
        "id": "jppj5r8x-w025-ri3h-k82i-x45u4z34p1dx",
        "name": "Save Your Tears",
        "rating": 0.0,
        "release year": 2020
    },
    {
        "album": " Hours",
        "artist": "The Weeknd",
        "genre": "new wave",
        "id": "0d6a15vc-yeg4-55h3-5047-665h150v7rq5",
        "name": "Scared To Live",
        "rating": 0.0,
        "release year": 2020
    },
    {
        "album": "After Hours",
        "artist": "The Weeknd",
        "genre": "new wave",
        "id": "p334267f-bx6u-5s7w-n80x-51xie128y51g",
        "name": "Snowchild",
        "rating": 0.0,
        "release year": 2020
    },
    {
        "album": "Nothing But The Best",
        "artist": "Frank Sinatra",
        "genre": "jazz",
        "id": "00wmethq-rw20-657o-05pd-i2v7l617lr4a",
        "name": "That's Life",
        "rating": 0.0,
        "release year": 2008
    },
    {
        "album": "Nothing But The Best",
        "artist": "Frank Sinatra",
        "genre": "jazz",
        "id": "j164p860-ab8i-4ael-z08w-8bhmcpg17676",
        "name": "The Way You Look Tonight",
        "rating": 0.0,
        "release year": 2008
    },
    {
        "album": "After Hours",
        "artist": "The Weeknd",
        "genre": "new wave",
        "id": "ndc46l86-82zs-v365-dxr0-35546sovu162",
        "name": "Too Late",
        "rating": 0.0,
        "release year": 2020
    },
    {
        "album": "After Hours",
        "artist": "The Weeknd",
        "genre": "new wave",
        "id": "381jk3ww-2773-v30j-2o2x-421f83c1m046",
        "name": "Until I Bleed Out",
        "rating": 0.0,
        "release year": 2020
    }
]