[
    {
        "birthday": "30/7/1998",
        "favorite genres": [
            "rap",
            "new wave"
        ],
        "fullname": "Damian Nikolaev Ivanov",
        "id": "n8g3640d-k456-muc4-h4l3-pq56jtg2f35i",
        "password": "261414986a029452d58ab575a63ec76b0e04cf2095131479b52d39cb6369962d5885d53d4726adebfa30017eb9a4d37ddae915a3147a797680e13c8e49c3cb95",
        "username": "damian.ivanov"
    },
    {
        "birthday": "30/7/2020",
        "favorite genres": [],
        "fullname": "Damian Ivanov",
        "id": "712n6x88-7u30-5tvd-8hmw-4gvmx6gjn67q",
        "password": "261414986a029452d58ab575a63ec76b0e04cf2095131479b52d39cb6369962d5885d53d4726adebfa30017eb9a4d37ddae915a3147a797680e13c8e49c3cb95",
        "username": "damian.iv"
    },
    {
        "birthday": "30/7/1998",
        "favorite genres": [
            "pop",
            "rap"
        ],
        "fullname": "Damian Iv",
        "id": "1xqq38n3-z2f3-86nq-48o8-a22tuke2yj7j",
        "password": "261414986a029452d58ab575a63ec76b0e04cf2095131479b52d39cb6369962d5885d53d4726adebfa30017eb9a4d37ddae915a3147a797680e13c8e49c3cb95",
        "username": "damianivanov"
    }
]